{"metrics":{"var_u":1564.2592839169272,"T_steps":10000,"phi_u_lt_threshold":0.406,"u_threshold":-10.0,"N":500,"min_u":-214.94977226549378,"final_mean_u":-0.25548389554542184,"final_W":-127.74194777271049,"m_W":-0.012774194777271049,"gini_shifted":0.10024745624074405},"meta":{"git_commit":"UNKNOWN","random_seed":12345,"p_types":{"B":0.25,"I":0.25,"S":0.25,"H":0.25},"model_version":"leverage-v1","A":1.0,"sigma":0.1,"model":"leverage_abm_v2","u0":0.0,"leverage":{"sigma":0.7,"type_bias":{"B":1.0,"I":1.0,"S":1.0,"H":1.0},"lmin":1.0,"alpha":1.0,"mode":"independent","enabled":true,"dist":"lognormal","mu":0.0}},"status":"OK","timestamp":"2025-12-16T18:26:22Z"}
