{"metrics":{"var_u":9456.10970262732,"T_steps":10000,"phi_u_lt_threshold":0.352,"u_threshold":-10.0,"N":500,"min_u":-640.4107826381294,"final_mean_u":6.399671972883531,"final_W":3199.835986441751,"m_W":0.31998359864417514,"gini_shifted":0.0560236619052783},"meta":{"git_commit":"UNKNOWN","random_seed":42345,"p_types":{"B":0.25,"I":0.25,"S":0.25,"H":0.25},"model_version":"leverage-v3","A":1.0,"sigma":0.1,"model":"leverage_abm_v3","u0":0.0,"leverage":{"sigma":0.7,"type_bias":{"B":1.0,"I":1.0,"S":1.0,"H":1.0},"lmin":1.0,"alpha":1.0,"mode":"independent","gamma":1.0,"enabled":true,"dist":"lognormal","mu":0.0}},"status":"OK","timestamp":"2025-12-16T18:45:49Z"}
