{"metrics":{"var_u":4045.103656578869,"T_steps":10000,"phi_u_lt_threshold":0.504,"u_threshold":-10.0,"N":500,"min_u":-447.14756160849987,"final_mean_u":-21.702359556641902,"final_W":-10851.179778320957,"m_W":-1.0851179778320956,"gini_shifted":0.07463746823451078},"meta":{"git_commit":"UNKNOWN","random_seed":12345,"p_types":{"B":0.25,"I":0.25,"S":0.25,"H":0.25},"model_version":"leverage-v1","A":1.0,"sigma":0.1,"model":"leverage_abm_v2","u0":0.0,"leverage":{"sigma":0.7,"type_bias":{"B":1.0,"I":1.0,"S":3.0,"H":1.0},"lmin":1.0,"alpha":1.0,"mode":"type_biased","enabled":true,"dist":"lognormal","mu":0.0}},"status":"OK","timestamp":"2025-12-16T18:26:29Z"}
