{"metrics":{"var_u":102470.76372556174,"T_steps":10000,"phi_u_lt_threshold":0.796,"u_threshold":-10.0,"N":500,"min_u":-5269.1139481757955,"final_mean_u":-107.98124311705935,"final_W":-53990.62155852965,"m_W":-5.399062155852965,"gini_shifted":0.01605261637029254},"meta":{"git_commit":"UNKNOWN","random_seed":42345,"p_types":{"B":0.25,"I":0.25,"S":0.25,"H":0.25},"model_version":"leverage-v3","A":1.0,"sigma":0.1,"model":"leverage_abm_v3","u0":0.0,"leverage":{"sigma":0.7,"type_bias":{"B":1.0,"I":1.0,"S":3.0,"H":1.0},"lmin":1.0,"alpha":1.0,"mode":"type_biased","gamma":1.0,"enabled":true,"dist":"lognormal","mu":0.0}},"status":"OK","timestamp":"2025-12-16T18:45:58Z"}
